{
  "cutoff":"2023-07-07T00:00:00",
  "n_train":42560,
  "n_test":10620,
  "mse":0.0005232973,
  "mae":0.0148470269,
  "r2":-0.0030076945
}