mode,K,thr,CAGR,Sharpe,MaxDD,N
vectorized,3,,0.24565200542540722,0.6634413523901922,-0.3109372456315478,531
exact,3,,0.18249868714801032,0.508527932516873,-0.31816745815093794,531
vectorized,3,0.001,0.243519183907551,0.6582775818361034,-0.3109372456315477,531
exact,3,0.001,0.18047165774988994,0.5033317344768105,-0.31816745815093805,531
vectorized,5,,0.36109560557685616,1.1443388532598104,-0.28714467323067605,531
exact,5,,0.30908551361291736,1.001542013074166,-0.28998351254042765,531
vectorized,5,0.001,0.35760611826684485,1.128099560450776,-0.28997459276562865,531
exact,5,0.001,0.30475406821029205,0.9833717785768874,-0.29280160301369274,531
