mode,K,thr,CAGR,Sharpe,MaxDD,N
exact,5,0.001,0.3090855136129173,1.001542013074166,-0.2899835125404276,531
vectorized,5,0.001,0.3610956055768561,1.1443388532598104,-0.287144673230676,531
