mode,K,thr,CAGR,Sharpe,MaxDD,N
vectorized,5,,0.3610956055768561,1.1443388532598104,-0.287144673230676,531
